Instância,Com conflitos,Conflitos,Ordem,Executou,Anúncios,Quadros,Tamanho quadro,Espaço ocupado,Métrica,Tempo,Melhor iteração,Solução,Iterações
instancias/basico/,N,0,1
instancias/basico/,S,30,1
instancias/Multiconflito/multiconflito_10/,N,0,1
instancias/Multiconflito/multiconflito_10/,N,0,2
instancias/Multiconflito/multiconflito_10/,N,0,3
instancias/Multiconflito/multiconflito_10/,N,0,4
instancias/Multiconflito/multiconflito_10/,N,0,5
instancias/Multiconflito/multiconflito_10/,N,0,6
instancias/Multiconflito/multiconflito_10/,N,0,7
instancias/Multiconflito/multiconflito_10/,N,0,8
instancias/Multiconflito/multiconflito_10/,N,0,9
instancias/Multiconflito/multiconflito_10/,N,0,10
instancias/Multiconflito/multiconflito_10/,N,0,11
instancias/Multiconflito/multiconflito_10/,S,10,1
instancias/Multiconflito/multiconflito_10/,S,10,2
instancias/Multiconflito/multiconflito_10/,S,10,3
instancias/Multiconflito/multiconflito_10/,S,10,4
instancias/Multiconflito/multiconflito_10/,S,10,5
instancias/Multiconflito/multiconflito_10/,S,10,6
instancias/Multiconflito/multiconflito_10/,S,10,7
instancias/Multiconflito/multiconflito_10/,S,10,8
instancias/Multiconflito/multiconflito_10/,S,10,9
instancias/Multiconflito/multiconflito_10/,S,10,10
instancias/Multiconflito/multiconflito_10/,S,10,11
instancias/Multiconflito/multiconflito_30/,S,30,1
instancias/Multiconflito/multiconflito_30/,S,30,2
instancias/Multiconflito/multiconflito_30/,S,30,3
instancias/Multiconflito/multiconflito_30/,S,30,4
instancias/Multiconflito/multiconflito_30/,S,30,5
instancias/Multiconflito/multiconflito_30/,S,30,6
instancias/Multiconflito/multiconflito_30/,S,30,7
instancias/Multiconflito/multiconflito_30/,S,30,8
instancias/Multiconflito/multiconflito_30/,S,30,9
instancias/Multiconflito/multiconflito_30/,S,30,10
instancias/Multiconflito/multiconflito_30/,S,30,11
instancias/Multiconflito/multiconflito_50/,S,50,1
instancias/Multiconflito/multiconflito_50/,S,50,2
instancias/Multiconflito/multiconflito_50/,S,50,3
instancias/Multiconflito/multiconflito_50/,S,50,4
instancias/Multiconflito/multiconflito_50/,S,50,5
instancias/Multiconflito/multiconflito_50/,S,50,6
instancias/Multiconflito/multiconflito_50/,S,50,7
instancias/Multiconflito/multiconflito_50/,S,50,8
instancias/Multiconflito/multiconflito_50/,S,50,9
instancias/Multiconflito/multiconflito_50/,S,50,10
instancias/Multiconflito/multiconflito_50/,S,50,11
instancias/Multiconflito/multiconflito_70/,S,70,1
instancias/Multiconflito/multiconflito_70/,S,70,2
instancias/Multiconflito/multiconflito_70/,S,70,3
instancias/Multiconflito/multiconflito_70/,S,70,4
instancias/Multiconflito/multiconflito_70/,S,70,5
instancias/Multiconflito/multiconflito_70/,S,70,6
instancias/Multiconflito/multiconflito_70/,S,70,7
instancias/Multiconflito/multiconflito_70/,S,70,8
instancias/Multiconflito/multiconflito_70/,S,70,9
instancias/Multiconflito/multiconflito_70/,S,70,10
instancias/Multiconflito/multiconflito_70/,S,70,11
instancias/Aleatorio/aleatorio_pequeno_00/,N,0,1
instancias/Aleatorio/aleatorio_pequeno_00/,N,0,2
instancias/Aleatorio/aleatorio_pequeno_00/,N,0,3
instancias/Aleatorio/aleatorio_pequeno_00/,N,0,4
instancias/Aleatorio/aleatorio_pequeno_00/,N,0,5
instancias/Aleatorio/aleatorio_pequeno_00/,N,0,6
instancias/Aleatorio/aleatorio_pequeno_00/,N,0,7
instancias/Aleatorio/aleatorio_pequeno_00/,N,0,8
instancias/Aleatorio/aleatorio_pequeno_00/,N,0,9
instancias/Aleatorio/aleatorio_pequeno_00/,N,0,10
instancias/Aleatorio/aleatorio_pequeno_00/,N,0,11
instancias/Aleatorio/aleatorio_pequeno_00/,S,30,1
instancias/Aleatorio/aleatorio_pequeno_00/,S,30,2
instancias/Aleatorio/aleatorio_pequeno_00/,S,30,3
instancias/Aleatorio/aleatorio_pequeno_00/,S,30,4
instancias/Aleatorio/aleatorio_pequeno_00/,S,30,5
instancias/Aleatorio/aleatorio_pequeno_00/,S,30,6
instancias/Aleatorio/aleatorio_pequeno_00/,S,30,7
instancias/Aleatorio/aleatorio_pequeno_00/,S,30,8
instancias/Aleatorio/aleatorio_pequeno_00/,S,30,9
instancias/Aleatorio/aleatorio_pequeno_00/,S,30,10
instancias/Aleatorio/aleatorio_pequeno_00/,S,30,11
instancias/Aleatorio/aleatorio_pequeno_01/,N,0,1
instancias/Aleatorio/aleatorio_pequeno_01/,N,0,2
instancias/Aleatorio/aleatorio_pequeno_01/,N,0,3
instancias/Aleatorio/aleatorio_pequeno_01/,N,0,4
instancias/Aleatorio/aleatorio_pequeno_01/,N,0,5
instancias/Aleatorio/aleatorio_pequeno_01/,N,0,6
instancias/Aleatorio/aleatorio_pequeno_01/,N,0,7
instancias/Aleatorio/aleatorio_pequeno_01/,N,0,8
instancias/Aleatorio/aleatorio_pequeno_01/,N,0,9
instancias/Aleatorio/aleatorio_pequeno_01/,N,0,10
instancias/Aleatorio/aleatorio_pequeno_01/,N,0,11
instancias/Aleatorio/aleatorio_pequeno_01/,S,30,1
instancias/Aleatorio/aleatorio_pequeno_01/,S,30,2
instancias/Aleatorio/aleatorio_pequeno_01/,S,30,3
instancias/Aleatorio/aleatorio_pequeno_01/,S,30,4
instancias/Aleatorio/aleatorio_pequeno_01/,S,30,5
instancias/Aleatorio/aleatorio_pequeno_01/,S,30,6
instancias/Aleatorio/aleatorio_pequeno_01/,S,30,7
instancias/Aleatorio/aleatorio_pequeno_01/,S,30,8
instancias/Aleatorio/aleatorio_pequeno_01/,S,30,9
instancias/Aleatorio/aleatorio_pequeno_01/,S,30,10
instancias/Aleatorio/aleatorio_pequeno_01/,S,30,11
instancias/Aleatorio/aleatorio_pequeno_02/,N,0,1
instancias/Aleatorio/aleatorio_pequeno_02/,N,0,2
instancias/Aleatorio/aleatorio_pequeno_02/,N,0,3
instancias/Aleatorio/aleatorio_pequeno_02/,N,0,4
instancias/Aleatorio/aleatorio_pequeno_02/,N,0,5
instancias/Aleatorio/aleatorio_pequeno_02/,N,0,6
instancias/Aleatorio/aleatorio_pequeno_02/,N,0,7
instancias/Aleatorio/aleatorio_pequeno_02/,N,0,8
instancias/Aleatorio/aleatorio_pequeno_02/,N,0,9
instancias/Aleatorio/aleatorio_pequeno_02/,N,0,10
instancias/Aleatorio/aleatorio_pequeno_02/,N,0,11
instancias/Aleatorio/aleatorio_pequeno_02/,S,30,1
instancias/Aleatorio/aleatorio_pequeno_02/,S,30,2
instancias/Aleatorio/aleatorio_pequeno_02/,S,30,3
instancias/Aleatorio/aleatorio_pequeno_02/,S,30,4
instancias/Aleatorio/aleatorio_pequeno_02/,S,30,5
instancias/Aleatorio/aleatorio_pequeno_02/,S,30,6
instancias/Aleatorio/aleatorio_pequeno_02/,S,30,7
instancias/Aleatorio/aleatorio_pequeno_02/,S,30,8
instancias/Aleatorio/aleatorio_pequeno_02/,S,30,9
instancias/Aleatorio/aleatorio_pequeno_02/,S,30,10
instancias/Aleatorio/aleatorio_pequeno_02/,S,30,11
instancias/Aleatorio/aleatorio_pequeno_03/,N,0,1
instancias/Aleatorio/aleatorio_pequeno_03/,N,0,2
instancias/Aleatorio/aleatorio_pequeno_03/,N,0,3
instancias/Aleatorio/aleatorio_pequeno_03/,N,0,4
instancias/Aleatorio/aleatorio_pequeno_03/,N,0,5
instancias/Aleatorio/aleatorio_pequeno_03/,N,0,6
instancias/Aleatorio/aleatorio_pequeno_03/,N,0,7
instancias/Aleatorio/aleatorio_pequeno_03/,N,0,8
instancias/Aleatorio/aleatorio_pequeno_03/,N,0,9
instancias/Aleatorio/aleatorio_pequeno_03/,N,0,10
instancias/Aleatorio/aleatorio_pequeno_03/,N,0,11
instancias/Aleatorio/aleatorio_pequeno_03/,S,30,1
instancias/Aleatorio/aleatorio_pequeno_03/,S,30,2
instancias/Aleatorio/aleatorio_pequeno_03/,S,30,3
instancias/Aleatorio/aleatorio_pequeno_03/,S,30,4
instancias/Aleatorio/aleatorio_pequeno_03/,S,30,5
instancias/Aleatorio/aleatorio_pequeno_03/,S,30,6
instancias/Aleatorio/aleatorio_pequeno_03/,S,30,7
instancias/Aleatorio/aleatorio_pequeno_03/,S,30,8
instancias/Aleatorio/aleatorio_pequeno_03/,S,30,9
instancias/Aleatorio/aleatorio_pequeno_03/,S,30,10
instancias/Aleatorio/aleatorio_pequeno_03/,S,30,11
instancias/Aleatorio/aleatorio_pequeno_04/,N,0,1
instancias/Aleatorio/aleatorio_pequeno_04/,N,0,2
instancias/Aleatorio/aleatorio_pequeno_04/,N,0,3
instancias/Aleatorio/aleatorio_pequeno_04/,N,0,4
instancias/Aleatorio/aleatorio_pequeno_04/,N,0,5
instancias/Aleatorio/aleatorio_pequeno_04/,N,0,6
instancias/Aleatorio/aleatorio_pequeno_04/,N,0,7
instancias/Aleatorio/aleatorio_pequeno_04/,N,0,8
instancias/Aleatorio/aleatorio_pequeno_04/,N,0,9
instancias/Aleatorio/aleatorio_pequeno_04/,N,0,10
instancias/Aleatorio/aleatorio_pequeno_04/,N,0,11
instancias/Aleatorio/aleatorio_pequeno_04/,S,30,1
instancias/Aleatorio/aleatorio_pequeno_04/,S,30,2
instancias/Aleatorio/aleatorio_pequeno_04/,S,30,3
instancias/Aleatorio/aleatorio_pequeno_04/,S,30,4
instancias/Aleatorio/aleatorio_pequeno_04/,S,30,5
instancias/Aleatorio/aleatorio_pequeno_04/,S,30,6
instancias/Aleatorio/aleatorio_pequeno_04/,S,30,7
instancias/Aleatorio/aleatorio_pequeno_04/,S,30,8
instancias/Aleatorio/aleatorio_pequeno_04/,S,30,9
instancias/Aleatorio/aleatorio_pequeno_04/,S,30,10
instancias/Aleatorio/aleatorio_pequeno_04/,S,30,11
instancias/Aleatorio/aleatorio_medio_00/,N,0,1
instancias/Aleatorio/aleatorio_medio_00/,N,0,2
instancias/Aleatorio/aleatorio_medio_00/,N,0,3
instancias/Aleatorio/aleatorio_medio_00/,N,0,4
instancias/Aleatorio/aleatorio_medio_00/,N,0,5
instancias/Aleatorio/aleatorio_medio_00/,N,0,6
instancias/Aleatorio/aleatorio_medio_00/,N,0,7
instancias/Aleatorio/aleatorio_medio_00/,N,0,8
instancias/Aleatorio/aleatorio_medio_00/,N,0,9
instancias/Aleatorio/aleatorio_medio_00/,N,0,10
instancias/Aleatorio/aleatorio_medio_00/,N,0,11
instancias/Aleatorio/aleatorio_medio_00/,S,30,1
instancias/Aleatorio/aleatorio_medio_00/,S,30,2
instancias/Aleatorio/aleatorio_medio_00/,S,30,3
instancias/Aleatorio/aleatorio_medio_00/,S,30,4
instancias/Aleatorio/aleatorio_medio_00/,S,30,5
instancias/Aleatorio/aleatorio_medio_00/,S,30,6
instancias/Aleatorio/aleatorio_medio_00/,S,30,7
instancias/Aleatorio/aleatorio_medio_00/,S,30,8
instancias/Aleatorio/aleatorio_medio_00/,S,30,9
instancias/Aleatorio/aleatorio_medio_00/,S,30,10
instancias/Aleatorio/aleatorio_medio_00/,S,30,11
instancias/Aleatorio/aleatorio_medio_01/,N,0,1
instancias/Aleatorio/aleatorio_medio_01/,N,0,2
instancias/Aleatorio/aleatorio_medio_01/,N,0,3
instancias/Aleatorio/aleatorio_medio_01/,N,0,4
instancias/Aleatorio/aleatorio_medio_01/,N,0,5
instancias/Aleatorio/aleatorio_medio_01/,N,0,6
instancias/Aleatorio/aleatorio_medio_01/,N,0,7
instancias/Aleatorio/aleatorio_medio_01/,N,0,8
instancias/Aleatorio/aleatorio_medio_01/,N,0,9
instancias/Aleatorio/aleatorio_medio_01/,N,0,10
instancias/Aleatorio/aleatorio_medio_01/,N,0,11
instancias/Aleatorio/aleatorio_medio_01/,S,30,1
instancias/Aleatorio/aleatorio_medio_01/,S,30,2
instancias/Aleatorio/aleatorio_medio_01/,S,30,3
instancias/Aleatorio/aleatorio_medio_01/,S,30,4
instancias/Aleatorio/aleatorio_medio_01/,S,30,5
instancias/Aleatorio/aleatorio_medio_01/,S,30,6
instancias/Aleatorio/aleatorio_medio_01/,S,30,7
instancias/Aleatorio/aleatorio_medio_01/,S,30,8
instancias/Aleatorio/aleatorio_medio_01/,S,30,9
instancias/Aleatorio/aleatorio_medio_01/,S,30,10
instancias/Aleatorio/aleatorio_medio_01/,S,30,11
instancias/Aleatorio/aleatorio_medio_02/,N,0,1
instancias/Aleatorio/aleatorio_medio_02/,N,0,2
instancias/Aleatorio/aleatorio_medio_02/,N,0,3
instancias/Aleatorio/aleatorio_medio_02/,N,0,4
instancias/Aleatorio/aleatorio_medio_02/,N,0,5
instancias/Aleatorio/aleatorio_medio_02/,N,0,6
instancias/Aleatorio/aleatorio_medio_02/,N,0,7
instancias/Aleatorio/aleatorio_medio_02/,N,0,8
instancias/Aleatorio/aleatorio_medio_02/,N,0,9
instancias/Aleatorio/aleatorio_medio_02/,N,0,10
instancias/Aleatorio/aleatorio_medio_02/,N,0,11
instancias/Aleatorio/aleatorio_medio_02/,S,30,1
instancias/Aleatorio/aleatorio_medio_02/,S,30,2
instancias/Aleatorio/aleatorio_medio_02/,S,30,3
instancias/Aleatorio/aleatorio_medio_02/,S,30,4
instancias/Aleatorio/aleatorio_medio_02/,S,30,5
instancias/Aleatorio/aleatorio_medio_02/,S,30,6
instancias/Aleatorio/aleatorio_medio_02/,S,30,7
instancias/Aleatorio/aleatorio_medio_02/,S,30,8
instancias/Aleatorio/aleatorio_medio_02/,S,30,9
instancias/Aleatorio/aleatorio_medio_02/,S,30,10
instancias/Aleatorio/aleatorio_medio_02/,S,30,11
instancias/Aleatorio/aleatorio_medio_03/,N,0,1
instancias/Aleatorio/aleatorio_medio_03/,N,0,2
instancias/Aleatorio/aleatorio_medio_03/,N,0,3
instancias/Aleatorio/aleatorio_medio_03/,N,0,4
instancias/Aleatorio/aleatorio_medio_03/,N,0,5
instancias/Aleatorio/aleatorio_medio_03/,N,0,6
instancias/Aleatorio/aleatorio_medio_03/,N,0,7
instancias/Aleatorio/aleatorio_medio_03/,N,0,8
instancias/Aleatorio/aleatorio_medio_03/,N,0,9
instancias/Aleatorio/aleatorio_medio_03/,N,0,10
instancias/Aleatorio/aleatorio_medio_03/,N,0,11
instancias/Aleatorio/aleatorio_medio_03/,S,30,1
instancias/Aleatorio/aleatorio_medio_03/,S,30,2
instancias/Aleatorio/aleatorio_medio_03/,S,30,3
instancias/Aleatorio/aleatorio_medio_03/,S,30,4
instancias/Aleatorio/aleatorio_medio_03/,S,30,5
instancias/Aleatorio/aleatorio_medio_03/,S,30,6
instancias/Aleatorio/aleatorio_medio_03/,S,30,7
instancias/Aleatorio/aleatorio_medio_03/,S,30,8
instancias/Aleatorio/aleatorio_medio_03/,S,30,9
instancias/Aleatorio/aleatorio_medio_03/,S,30,10
instancias/Aleatorio/aleatorio_medio_03/,S,30,11
instancias/Aleatorio/aleatorio_medio_04/,N,0,1
instancias/Aleatorio/aleatorio_medio_04/,N,0,2
instancias/Aleatorio/aleatorio_medio_04/,N,0,3
instancias/Aleatorio/aleatorio_medio_04/,N,0,4
instancias/Aleatorio/aleatorio_medio_04/,N,0,5
instancias/Aleatorio/aleatorio_medio_04/,N,0,6
instancias/Aleatorio/aleatorio_medio_04/,N,0,7
instancias/Aleatorio/aleatorio_medio_04/,N,0,8
instancias/Aleatorio/aleatorio_medio_04/,N,0,9
instancias/Aleatorio/aleatorio_medio_04/,N,0,10
instancias/Aleatorio/aleatorio_medio_04/,N,0,11
instancias/Aleatorio/aleatorio_medio_04/,S,30,1
instancias/Aleatorio/aleatorio_medio_04/,S,30,2
instancias/Aleatorio/aleatorio_medio_04/,S,30,3
instancias/Aleatorio/aleatorio_medio_04/,S,30,4
instancias/Aleatorio/aleatorio_medio_04/,S,30,5
instancias/Aleatorio/aleatorio_medio_04/,S,30,6
instancias/Aleatorio/aleatorio_medio_04/,S,30,7
instancias/Aleatorio/aleatorio_medio_04/,S,30,8
instancias/Aleatorio/aleatorio_medio_04/,S,30,9
instancias/Aleatorio/aleatorio_medio_04/,S,30,10
instancias/Aleatorio/aleatorio_medio_04/,S,30,11
instancias/Aleatorio/aleatorio_grande_00/,N,0,1
instancias/Aleatorio/aleatorio_grande_00/,N,0,2
instancias/Aleatorio/aleatorio_grande_00/,N,0,3
instancias/Aleatorio/aleatorio_grande_00/,N,0,4
instancias/Aleatorio/aleatorio_grande_00/,N,0,5
instancias/Aleatorio/aleatorio_grande_00/,N,0,6
instancias/Aleatorio/aleatorio_grande_00/,N,0,7
instancias/Aleatorio/aleatorio_grande_00/,N,0,8
instancias/Aleatorio/aleatorio_grande_00/,N,0,9
instancias/Aleatorio/aleatorio_grande_00/,N,0,10
instancias/Aleatorio/aleatorio_grande_00/,N,0,11
instancias/Aleatorio/aleatorio_grande_00/,S,30,1
instancias/Aleatorio/aleatorio_grande_00/,S,30,2
instancias/Aleatorio/aleatorio_grande_00/,S,30,3
instancias/Aleatorio/aleatorio_grande_00/,S,30,4
instancias/Aleatorio/aleatorio_grande_00/,S,30,5
instancias/Aleatorio/aleatorio_grande_00/,S,30,6
instancias/Aleatorio/aleatorio_grande_00/,S,30,7
instancias/Aleatorio/aleatorio_grande_00/,S,30,8
instancias/Aleatorio/aleatorio_grande_00/,S,30,9
instancias/Aleatorio/aleatorio_grande_00/,S,30,10
instancias/Aleatorio/aleatorio_grande_00/,S,30,11
instancias/Aleatorio/aleatorio_grande_01/,N,0,1
instancias/Aleatorio/aleatorio_grande_01/,N,0,2
instancias/Aleatorio/aleatorio_grande_01/,N,0,3
instancias/Aleatorio/aleatorio_grande_01/,N,0,4
instancias/Aleatorio/aleatorio_grande_01/,N,0,5
instancias/Aleatorio/aleatorio_grande_01/,N,0,6
instancias/Aleatorio/aleatorio_grande_01/,N,0,7
instancias/Aleatorio/aleatorio_grande_01/,N,0,8
instancias/Aleatorio/aleatorio_grande_01/,N,0,9
instancias/Aleatorio/aleatorio_grande_01/,N,0,10
instancias/Aleatorio/aleatorio_grande_01/,N,0,11
instancias/Aleatorio/aleatorio_grande_01/,S,30,1
instancias/Aleatorio/aleatorio_grande_01/,S,30,2
instancias/Aleatorio/aleatorio_grande_01/,S,30,3
instancias/Aleatorio/aleatorio_grande_01/,S,30,4
instancias/Aleatorio/aleatorio_grande_01/,S,30,5
instancias/Aleatorio/aleatorio_grande_01/,S,30,6
instancias/Aleatorio/aleatorio_grande_01/,S,30,7
instancias/Aleatorio/aleatorio_grande_01/,S,30,8
instancias/Aleatorio/aleatorio_grande_01/,S,30,9
instancias/Aleatorio/aleatorio_grande_01/,S,30,10
instancias/Aleatorio/aleatorio_grande_01/,S,30,11
instancias/Aleatorio/aleatorio_grande_02/,N,0,1
instancias/Aleatorio/aleatorio_grande_02/,N,0,2
instancias/Aleatorio/aleatorio_grande_02/,N,0,3
instancias/Aleatorio/aleatorio_grande_02/,N,0,4
instancias/Aleatorio/aleatorio_grande_02/,N,0,5
instancias/Aleatorio/aleatorio_grande_02/,N,0,6
instancias/Aleatorio/aleatorio_grande_02/,N,0,7
instancias/Aleatorio/aleatorio_grande_02/,N,0,8
instancias/Aleatorio/aleatorio_grande_02/,N,0,9
instancias/Aleatorio/aleatorio_grande_02/,N,0,10
instancias/Aleatorio/aleatorio_grande_02/,N,0,11
instancias/Aleatorio/aleatorio_grande_02/,S,30,1
instancias/Aleatorio/aleatorio_grande_02/,S,30,2
instancias/Aleatorio/aleatorio_grande_02/,S,30,3
instancias/Aleatorio/aleatorio_grande_02/,S,30,4
instancias/Aleatorio/aleatorio_grande_02/,S,30,5
instancias/Aleatorio/aleatorio_grande_02/,S,30,6
instancias/Aleatorio/aleatorio_grande_02/,S,30,7
instancias/Aleatorio/aleatorio_grande_02/,S,30,8
instancias/Aleatorio/aleatorio_grande_02/,S,30,9
instancias/Aleatorio/aleatorio_grande_02/,S,30,10
instancias/Aleatorio/aleatorio_grande_02/,S,30,11
instancias/Aleatorio/aleatorio_grande_03/,N,0,1
instancias/Aleatorio/aleatorio_grande_03/,N,0,2
instancias/Aleatorio/aleatorio_grande_03/,N,0,3
instancias/Aleatorio/aleatorio_grande_03/,N,0,4
instancias/Aleatorio/aleatorio_grande_03/,N,0,5
instancias/Aleatorio/aleatorio_grande_03/,N,0,6
instancias/Aleatorio/aleatorio_grande_03/,N,0,7
instancias/Aleatorio/aleatorio_grande_03/,N,0,8
instancias/Aleatorio/aleatorio_grande_03/,N,0,9
instancias/Aleatorio/aleatorio_grande_03/,N,0,10
instancias/Aleatorio/aleatorio_grande_03/,N,0,11
instancias/Aleatorio/aleatorio_grande_03/,S,30,1
instancias/Aleatorio/aleatorio_grande_03/,S,30,2
instancias/Aleatorio/aleatorio_grande_03/,S,30,3
instancias/Aleatorio/aleatorio_grande_03/,S,30,4
instancias/Aleatorio/aleatorio_grande_03/,S,30,5
instancias/Aleatorio/aleatorio_grande_03/,S,30,6
instancias/Aleatorio/aleatorio_grande_03/,S,30,7
instancias/Aleatorio/aleatorio_grande_03/,S,30,8
instancias/Aleatorio/aleatorio_grande_03/,S,30,9
instancias/Aleatorio/aleatorio_grande_03/,S,30,10
instancias/Aleatorio/aleatorio_grande_03/,S,30,11
instancias/Aleatorio/aleatorio_grande_04/,N,0,1
instancias/Aleatorio/aleatorio_grande_04/,N,0,2
instancias/Aleatorio/aleatorio_grande_04/,N,0,3
instancias/Aleatorio/aleatorio_grande_04/,N,0,4
instancias/Aleatorio/aleatorio_grande_04/,N,0,5
instancias/Aleatorio/aleatorio_grande_04/,N,0,6
instancias/Aleatorio/aleatorio_grande_04/,N,0,7
instancias/Aleatorio/aleatorio_grande_04/,N,0,8
instancias/Aleatorio/aleatorio_grande_04/,N,0,9
instancias/Aleatorio/aleatorio_grande_04/,N,0,10
instancias/Aleatorio/aleatorio_grande_04/,N,0,11
instancias/Aleatorio/aleatorio_grande_04/,S,30,1
instancias/Aleatorio/aleatorio_grande_04/,S,30,2
instancias/Aleatorio/aleatorio_grande_04/,S,30,3
instancias/Aleatorio/aleatorio_grande_04/,S,30,4
instancias/Aleatorio/aleatorio_grande_04/,S,30,5
instancias/Aleatorio/aleatorio_grande_04/,S,30,6
instancias/Aleatorio/aleatorio_grande_04/,S,30,7
instancias/Aleatorio/aleatorio_grande_04/,S,30,8
instancias/Aleatorio/aleatorio_grande_04/,S,30,9
instancias/Aleatorio/aleatorio_grande_04/,S,30,10
instancias/Aleatorio/aleatorio_grande_04/,S,30,11
instancias/Aleatorio/aleatorio_gigante_00/,N,0,1
instancias/Aleatorio/aleatorio_gigante_00/,N,0,2
instancias/Aleatorio/aleatorio_gigante_00/,N,0,3
instancias/Aleatorio/aleatorio_gigante_00/,N,0,4
instancias/Aleatorio/aleatorio_gigante_00/,N,0,5
instancias/Aleatorio/aleatorio_gigante_00/,N,0,6
instancias/Aleatorio/aleatorio_gigante_00/,N,0,7
instancias/Aleatorio/aleatorio_gigante_00/,N,0,8
instancias/Aleatorio/aleatorio_gigante_00/,N,0,9
instancias/Aleatorio/aleatorio_gigante_00/,N,0,10
instancias/Aleatorio/aleatorio_gigante_00/,N,0,11
instancias/Aleatorio/aleatorio_gigante_00/,S,30,1
instancias/Aleatorio/aleatorio_gigante_00/,S,30,2
instancias/Aleatorio/aleatorio_gigante_00/,S,30,3
instancias/Aleatorio/aleatorio_gigante_00/,S,30,4
instancias/Aleatorio/aleatorio_gigante_00/,S,30,5
instancias/Aleatorio/aleatorio_gigante_00/,S,30,6
instancias/Aleatorio/aleatorio_gigante_00/,S,30,7
instancias/Aleatorio/aleatorio_gigante_00/,S,30,8
instancias/Aleatorio/aleatorio_gigante_00/,S,30,9
instancias/Aleatorio/aleatorio_gigante_00/,S,30,10
instancias/Aleatorio/aleatorio_gigante_00/,S,30,11
instancias/Aleatorio/aleatorio_gigante_01/,N,0,1
instancias/Aleatorio/aleatorio_gigante_01/,N,0,2
instancias/Aleatorio/aleatorio_gigante_01/,N,0,3
instancias/Aleatorio/aleatorio_gigante_01/,N,0,4
instancias/Aleatorio/aleatorio_gigante_01/,N,0,5
instancias/Aleatorio/aleatorio_gigante_01/,N,0,6
instancias/Aleatorio/aleatorio_gigante_01/,N,0,7
instancias/Aleatorio/aleatorio_gigante_01/,N,0,8
instancias/Aleatorio/aleatorio_gigante_01/,N,0,9
instancias/Aleatorio/aleatorio_gigante_01/,N,0,10
instancias/Aleatorio/aleatorio_gigante_01/,N,0,11
instancias/Aleatorio/aleatorio_gigante_01/,S,30,1
instancias/Aleatorio/aleatorio_gigante_01/,S,30,2
instancias/Aleatorio/aleatorio_gigante_01/,S,30,3
instancias/Aleatorio/aleatorio_gigante_01/,S,30,4
instancias/Aleatorio/aleatorio_gigante_01/,S,30,5
instancias/Aleatorio/aleatorio_gigante_01/,S,30,6
instancias/Aleatorio/aleatorio_gigante_01/,S,30,7
instancias/Aleatorio/aleatorio_gigante_01/,S,30,8
instancias/Aleatorio/aleatorio_gigante_01/,S,30,9
instancias/Aleatorio/aleatorio_gigante_01/,S,30,10
instancias/Aleatorio/aleatorio_gigante_01/,S,30,11
instancias/Aleatorio/aleatorio_gigante_02/,N,0,1
instancias/Aleatorio/aleatorio_gigante_02/,N,0,2
instancias/Aleatorio/aleatorio_gigante_02/,N,0,3
instancias/Aleatorio/aleatorio_gigante_02/,N,0,4
instancias/Aleatorio/aleatorio_gigante_02/,N,0,5
instancias/Aleatorio/aleatorio_gigante_02/,N,0,6
instancias/Aleatorio/aleatorio_gigante_02/,N,0,7
instancias/Aleatorio/aleatorio_gigante_02/,N,0,8
instancias/Aleatorio/aleatorio_gigante_02/,N,0,9
instancias/Aleatorio/aleatorio_gigante_02/,N,0,10
instancias/Aleatorio/aleatorio_gigante_02/,N,0,11
instancias/Aleatorio/aleatorio_gigante_02/,S,30,1
instancias/Aleatorio/aleatorio_gigante_02/,S,30,2
instancias/Aleatorio/aleatorio_gigante_02/,S,30,3
instancias/Aleatorio/aleatorio_gigante_02/,S,30,4
instancias/Aleatorio/aleatorio_gigante_02/,S,30,5
instancias/Aleatorio/aleatorio_gigante_02/,S,30,6
instancias/Aleatorio/aleatorio_gigante_02/,S,30,7
instancias/Aleatorio/aleatorio_gigante_02/,S,30,8
instancias/Aleatorio/aleatorio_gigante_02/,S,30,9
instancias/Aleatorio/aleatorio_gigante_02/,S,30,10
instancias/Aleatorio/aleatorio_gigante_02/,S,30,11
instancias/Aleatorio/aleatorio_gigante_03/,N,0,1
instancias/Aleatorio/aleatorio_gigante_03/,N,0,2
instancias/Aleatorio/aleatorio_gigante_03/,N,0,3
instancias/Aleatorio/aleatorio_gigante_03/,N,0,4
instancias/Aleatorio/aleatorio_gigante_03/,N,0,5
instancias/Aleatorio/aleatorio_gigante_03/,N,0,6
instancias/Aleatorio/aleatorio_gigante_03/,N,0,7
instancias/Aleatorio/aleatorio_gigante_03/,N,0,8
instancias/Aleatorio/aleatorio_gigante_03/,N,0,9
instancias/Aleatorio/aleatorio_gigante_03/,N,0,10
instancias/Aleatorio/aleatorio_gigante_03/,N,0,11
instancias/Aleatorio/aleatorio_gigante_03/,S,30,1
instancias/Aleatorio/aleatorio_gigante_03/,S,30,2
instancias/Aleatorio/aleatorio_gigante_03/,S,30,3
instancias/Aleatorio/aleatorio_gigante_03/,S,30,4
instancias/Aleatorio/aleatorio_gigante_03/,S,30,5
instancias/Aleatorio/aleatorio_gigante_03/,S,30,6
instancias/Aleatorio/aleatorio_gigante_03/,S,30,7
instancias/Aleatorio/aleatorio_gigante_03/,S,30,8
instancias/Aleatorio/aleatorio_gigante_03/,S,30,9
instancias/Aleatorio/aleatorio_gigante_03/,S,30,10
instancias/Aleatorio/aleatorio_gigante_03/,S,30,11
instancias/Aleatorio/aleatorio_gigante_04/,N,0,1
instancias/Aleatorio/aleatorio_gigante_04/,N,0,2
instancias/Aleatorio/aleatorio_gigante_04/,N,0,3
instancias/Aleatorio/aleatorio_gigante_04/,N,0,4
instancias/Aleatorio/aleatorio_gigante_04/,N,0,5
instancias/Aleatorio/aleatorio_gigante_04/,N,0,6
instancias/Aleatorio/aleatorio_gigante_04/,N,0,7
instancias/Aleatorio/aleatorio_gigante_04/,N,0,8
instancias/Aleatorio/aleatorio_gigante_04/,N,0,9
instancias/Aleatorio/aleatorio_gigante_04/,N,0,10
instancias/Aleatorio/aleatorio_gigante_04/,N,0,11
instancias/Aleatorio/aleatorio_gigante_04/,S,30,1
instancias/Aleatorio/aleatorio_gigante_04/,S,30,2
instancias/Aleatorio/aleatorio_gigante_04/,S,30,3
instancias/Aleatorio/aleatorio_gigante_04/,S,30,4
instancias/Aleatorio/aleatorio_gigante_04/,S,30,5
instancias/Aleatorio/aleatorio_gigante_04/,S,30,6
instancias/Aleatorio/aleatorio_gigante_04/,S,30,7
instancias/Aleatorio/aleatorio_gigante_04/,S,30,8
instancias/Aleatorio/aleatorio_gigante_04/,S,30,9
instancias/Aleatorio/aleatorio_gigante_04/,S,30,10
instancias/Aleatorio/aleatorio_gigante_04/,S,30,11
instancias/Falkenauer_T/falkenauer_t60_00/,N,0,1
instancias/Falkenauer_T/falkenauer_t60_00/,N,0,2
instancias/Falkenauer_T/falkenauer_t60_00/,N,0,3
instancias/Falkenauer_T/falkenauer_t60_00/,N,0,4
instancias/Falkenauer_T/falkenauer_t60_00/,N,0,5
instancias/Falkenauer_T/falkenauer_t60_00/,N,0,6
instancias/Falkenauer_T/falkenauer_t60_00/,N,0,7
instancias/Falkenauer_T/falkenauer_t60_00/,N,0,8
instancias/Falkenauer_T/falkenauer_t60_00/,N,0,9
instancias/Falkenauer_T/falkenauer_t60_00/,N,0,10
instancias/Falkenauer_T/falkenauer_t60_00/,N,0,11
instancias/Falkenauer_T/falkenauer_t60_00/,S,30,1
instancias/Falkenauer_T/falkenauer_t60_00/,S,30,2
instancias/Falkenauer_T/falkenauer_t60_00/,S,30,3
instancias/Falkenauer_T/falkenauer_t60_00/,S,30,4
instancias/Falkenauer_T/falkenauer_t60_00/,S,30,5
instancias/Falkenauer_T/falkenauer_t60_00/,S,30,6
instancias/Falkenauer_T/falkenauer_t60_00/,S,30,7
instancias/Falkenauer_T/falkenauer_t60_00/,S,30,8
instancias/Falkenauer_T/falkenauer_t60_00/,S,30,9
instancias/Falkenauer_T/falkenauer_t60_00/,S,30,10
instancias/Falkenauer_T/falkenauer_t60_00/,S,30,11
instancias/Falkenauer_T/falkenauer_t60_01/,N,0,1
instancias/Falkenauer_T/falkenauer_t60_01/,N,0,2
instancias/Falkenauer_T/falkenauer_t60_01/,N,0,3
instancias/Falkenauer_T/falkenauer_t60_01/,N,0,4
instancias/Falkenauer_T/falkenauer_t60_01/,N,0,5
instancias/Falkenauer_T/falkenauer_t60_01/,N,0,6
instancias/Falkenauer_T/falkenauer_t60_01/,N,0,7
instancias/Falkenauer_T/falkenauer_t60_01/,N,0,8
instancias/Falkenauer_T/falkenauer_t60_01/,N,0,9
instancias/Falkenauer_T/falkenauer_t60_01/,N,0,10
instancias/Falkenauer_T/falkenauer_t60_01/,N,0,11
instancias/Falkenauer_T/falkenauer_t60_01/,S,30,1
instancias/Falkenauer_T/falkenauer_t60_01/,S,30,2
instancias/Falkenauer_T/falkenauer_t60_01/,S,30,3
instancias/Falkenauer_T/falkenauer_t60_01/,S,30,4
instancias/Falkenauer_T/falkenauer_t60_01/,S,30,5
instancias/Falkenauer_T/falkenauer_t60_01/,S,30,6
instancias/Falkenauer_T/falkenauer_t60_01/,S,30,7
instancias/Falkenauer_T/falkenauer_t60_01/,S,30,8
instancias/Falkenauer_T/falkenauer_t60_01/,S,30,9
instancias/Falkenauer_T/falkenauer_t60_01/,S,30,10
instancias/Falkenauer_T/falkenauer_t60_01/,S,30,11
instancias/Falkenauer_T/falkenauer_t60_02/,N,0,1
instancias/Falkenauer_T/falkenauer_t60_02/,N,0,2
instancias/Falkenauer_T/falkenauer_t60_02/,N,0,3
instancias/Falkenauer_T/falkenauer_t60_02/,N,0,4
instancias/Falkenauer_T/falkenauer_t60_02/,N,0,5
instancias/Falkenauer_T/falkenauer_t60_02/,N,0,6
instancias/Falkenauer_T/falkenauer_t60_02/,N,0,7
instancias/Falkenauer_T/falkenauer_t60_02/,N,0,8
instancias/Falkenauer_T/falkenauer_t60_02/,N,0,9
instancias/Falkenauer_T/falkenauer_t60_02/,N,0,10
instancias/Falkenauer_T/falkenauer_t60_02/,N,0,11
instancias/Falkenauer_T/falkenauer_t60_02/,S,30,1
instancias/Falkenauer_T/falkenauer_t60_02/,S,30,2
instancias/Falkenauer_T/falkenauer_t60_02/,S,30,3
instancias/Falkenauer_T/falkenauer_t60_02/,S,30,4
instancias/Falkenauer_T/falkenauer_t60_02/,S,30,5
instancias/Falkenauer_T/falkenauer_t60_02/,S,30,6
instancias/Falkenauer_T/falkenauer_t60_02/,S,30,7
instancias/Falkenauer_T/falkenauer_t60_02/,S,30,8
instancias/Falkenauer_T/falkenauer_t60_02/,S,30,9
instancias/Falkenauer_T/falkenauer_t60_02/,S,30,10
instancias/Falkenauer_T/falkenauer_t60_02/,S,30,11
instancias/Falkenauer_T/falkenauer_t60_03/,N,0,1
instancias/Falkenauer_T/falkenauer_t60_03/,N,0,2
instancias/Falkenauer_T/falkenauer_t60_03/,N,0,3
instancias/Falkenauer_T/falkenauer_t60_03/,N,0,4
instancias/Falkenauer_T/falkenauer_t60_03/,N,0,5
instancias/Falkenauer_T/falkenauer_t60_03/,N,0,6
instancias/Falkenauer_T/falkenauer_t60_03/,N,0,7
instancias/Falkenauer_T/falkenauer_t60_03/,N,0,8
instancias/Falkenauer_T/falkenauer_t60_03/,N,0,9
instancias/Falkenauer_T/falkenauer_t60_03/,N,0,10
instancias/Falkenauer_T/falkenauer_t60_03/,N,0,11
instancias/Falkenauer_T/falkenauer_t60_03/,S,30,1
instancias/Falkenauer_T/falkenauer_t60_03/,S,30,2
instancias/Falkenauer_T/falkenauer_t60_03/,S,30,3
instancias/Falkenauer_T/falkenauer_t60_03/,S,30,4
instancias/Falkenauer_T/falkenauer_t60_03/,S,30,5
instancias/Falkenauer_T/falkenauer_t60_03/,S,30,6
instancias/Falkenauer_T/falkenauer_t60_03/,S,30,7
instancias/Falkenauer_T/falkenauer_t60_03/,S,30,8
instancias/Falkenauer_T/falkenauer_t60_03/,S,30,9
instancias/Falkenauer_T/falkenauer_t60_03/,S,30,10
instancias/Falkenauer_T/falkenauer_t60_03/,S,30,11
instancias/Falkenauer_T/falkenauer_t60_04/,N,0,1
instancias/Falkenauer_T/falkenauer_t60_04/,N,0,2
instancias/Falkenauer_T/falkenauer_t60_04/,N,0,3
instancias/Falkenauer_T/falkenauer_t60_04/,N,0,4
instancias/Falkenauer_T/falkenauer_t60_04/,N,0,5
instancias/Falkenauer_T/falkenauer_t60_04/,N,0,6
instancias/Falkenauer_T/falkenauer_t60_04/,N,0,7
instancias/Falkenauer_T/falkenauer_t60_04/,N,0,8
instancias/Falkenauer_T/falkenauer_t60_04/,N,0,9
instancias/Falkenauer_T/falkenauer_t60_04/,N,0,10
instancias/Falkenauer_T/falkenauer_t60_04/,N,0,11
instancias/Falkenauer_T/falkenauer_t60_04/,S,30,1
instancias/Falkenauer_T/falkenauer_t60_04/,S,30,2
instancias/Falkenauer_T/falkenauer_t60_04/,S,30,3
instancias/Falkenauer_T/falkenauer_t60_04/,S,30,4
instancias/Falkenauer_T/falkenauer_t60_04/,S,30,5
instancias/Falkenauer_T/falkenauer_t60_04/,S,30,6
instancias/Falkenauer_T/falkenauer_t60_04/,S,30,7
instancias/Falkenauer_T/falkenauer_t60_04/,S,30,8
instancias/Falkenauer_T/falkenauer_t60_04/,S,30,9
instancias/Falkenauer_T/falkenauer_t60_04/,S,30,10
instancias/Falkenauer_T/falkenauer_t60_04/,S,30,11
instancias/Falkenauer_T/falkenauer_t120_00/,N,0,1
instancias/Falkenauer_T/falkenauer_t120_00/,N,0,2
instancias/Falkenauer_T/falkenauer_t120_00/,N,0,3
instancias/Falkenauer_T/falkenauer_t120_00/,N,0,4
instancias/Falkenauer_T/falkenauer_t120_00/,N,0,5
instancias/Falkenauer_T/falkenauer_t120_00/,N,0,6
instancias/Falkenauer_T/falkenauer_t120_00/,N,0,7
instancias/Falkenauer_T/falkenauer_t120_00/,N,0,8
instancias/Falkenauer_T/falkenauer_t120_00/,N,0,9
instancias/Falkenauer_T/falkenauer_t120_00/,N,0,10
instancias/Falkenauer_T/falkenauer_t120_00/,N,0,11
instancias/Falkenauer_T/falkenauer_t120_00/,S,30,1
instancias/Falkenauer_T/falkenauer_t120_00/,S,30,2
instancias/Falkenauer_T/falkenauer_t120_00/,S,30,3
instancias/Falkenauer_T/falkenauer_t120_00/,S,30,4
instancias/Falkenauer_T/falkenauer_t120_00/,S,30,5
instancias/Falkenauer_T/falkenauer_t120_00/,S,30,6
instancias/Falkenauer_T/falkenauer_t120_00/,S,30,7
instancias/Falkenauer_T/falkenauer_t120_00/,S,30,8
instancias/Falkenauer_T/falkenauer_t120_00/,S,30,9
instancias/Falkenauer_T/falkenauer_t120_00/,S,30,10
instancias/Falkenauer_T/falkenauer_t120_00/,S,30,11
instancias/Falkenauer_T/falkenauer_t120_01/,N,0,1
instancias/Falkenauer_T/falkenauer_t120_01/,N,0,2
instancias/Falkenauer_T/falkenauer_t120_01/,N,0,3
instancias/Falkenauer_T/falkenauer_t120_01/,N,0,4
instancias/Falkenauer_T/falkenauer_t120_01/,N,0,5
instancias/Falkenauer_T/falkenauer_t120_01/,N,0,6
instancias/Falkenauer_T/falkenauer_t120_01/,N,0,7
instancias/Falkenauer_T/falkenauer_t120_01/,N,0,8
instancias/Falkenauer_T/falkenauer_t120_01/,N,0,9
instancias/Falkenauer_T/falkenauer_t120_01/,N,0,10
instancias/Falkenauer_T/falkenauer_t120_01/,N,0,11
instancias/Falkenauer_T/falkenauer_t120_01/,S,30,1
instancias/Falkenauer_T/falkenauer_t120_01/,S,30,2
instancias/Falkenauer_T/falkenauer_t120_01/,S,30,3
instancias/Falkenauer_T/falkenauer_t120_01/,S,30,4
instancias/Falkenauer_T/falkenauer_t120_01/,S,30,5
instancias/Falkenauer_T/falkenauer_t120_01/,S,30,6
instancias/Falkenauer_T/falkenauer_t120_01/,S,30,7
instancias/Falkenauer_T/falkenauer_t120_01/,S,30,8
instancias/Falkenauer_T/falkenauer_t120_01/,S,30,9
instancias/Falkenauer_T/falkenauer_t120_01/,S,30,10
instancias/Falkenauer_T/falkenauer_t120_01/,S,30,11
instancias/Falkenauer_T/falkenauer_t120_02/,N,0,1
instancias/Falkenauer_T/falkenauer_t120_02/,N,0,2
instancias/Falkenauer_T/falkenauer_t120_02/,N,0,3
instancias/Falkenauer_T/falkenauer_t120_02/,N,0,4
instancias/Falkenauer_T/falkenauer_t120_02/,N,0,5
instancias/Falkenauer_T/falkenauer_t120_02/,N,0,6
instancias/Falkenauer_T/falkenauer_t120_02/,N,0,7
instancias/Falkenauer_T/falkenauer_t120_02/,N,0,8
instancias/Falkenauer_T/falkenauer_t120_02/,N,0,9
instancias/Falkenauer_T/falkenauer_t120_02/,N,0,10
instancias/Falkenauer_T/falkenauer_t120_02/,N,0,11
instancias/Falkenauer_T/falkenauer_t120_02/,S,30,1
instancias/Falkenauer_T/falkenauer_t120_02/,S,30,2
instancias/Falkenauer_T/falkenauer_t120_02/,S,30,3
instancias/Falkenauer_T/falkenauer_t120_02/,S,30,4
instancias/Falkenauer_T/falkenauer_t120_02/,S,30,5
instancias/Falkenauer_T/falkenauer_t120_02/,S,30,6
instancias/Falkenauer_T/falkenauer_t120_02/,S,30,7
instancias/Falkenauer_T/falkenauer_t120_02/,S,30,8
instancias/Falkenauer_T/falkenauer_t120_02/,S,30,9
instancias/Falkenauer_T/falkenauer_t120_02/,S,30,10
instancias/Falkenauer_T/falkenauer_t120_02/,S,30,11
instancias/Falkenauer_T/falkenauer_t120_03/,N,0,1
instancias/Falkenauer_T/falkenauer_t120_03/,N,0,2
instancias/Falkenauer_T/falkenauer_t120_03/,N,0,3
instancias/Falkenauer_T/falkenauer_t120_03/,N,0,4
instancias/Falkenauer_T/falkenauer_t120_03/,N,0,5
instancias/Falkenauer_T/falkenauer_t120_03/,N,0,6
instancias/Falkenauer_T/falkenauer_t120_03/,N,0,7
instancias/Falkenauer_T/falkenauer_t120_03/,N,0,8
instancias/Falkenauer_T/falkenauer_t120_03/,N,0,9
instancias/Falkenauer_T/falkenauer_t120_03/,N,0,10
instancias/Falkenauer_T/falkenauer_t120_03/,N,0,11
instancias/Falkenauer_T/falkenauer_t120_03/,S,30,1
instancias/Falkenauer_T/falkenauer_t120_03/,S,30,2
instancias/Falkenauer_T/falkenauer_t120_03/,S,30,3
instancias/Falkenauer_T/falkenauer_t120_03/,S,30,4
instancias/Falkenauer_T/falkenauer_t120_03/,S,30,5
instancias/Falkenauer_T/falkenauer_t120_03/,S,30,6
instancias/Falkenauer_T/falkenauer_t120_03/,S,30,7
instancias/Falkenauer_T/falkenauer_t120_03/,S,30,8
instancias/Falkenauer_T/falkenauer_t120_03/,S,30,9
instancias/Falkenauer_T/falkenauer_t120_03/,S,30,10
instancias/Falkenauer_T/falkenauer_t120_03/,S,30,11
instancias/Falkenauer_T/falkenauer_t120_04/,N,0,1
instancias/Falkenauer_T/falkenauer_t120_04/,N,0,2
instancias/Falkenauer_T/falkenauer_t120_04/,N,0,3
instancias/Falkenauer_T/falkenauer_t120_04/,N,0,4
instancias/Falkenauer_T/falkenauer_t120_04/,N,0,5
instancias/Falkenauer_T/falkenauer_t120_04/,N,0,6
instancias/Falkenauer_T/falkenauer_t120_04/,N,0,7
instancias/Falkenauer_T/falkenauer_t120_04/,N,0,8
instancias/Falkenauer_T/falkenauer_t120_04/,N,0,9
instancias/Falkenauer_T/falkenauer_t120_04/,N,0,10
instancias/Falkenauer_T/falkenauer_t120_04/,N,0,11
instancias/Falkenauer_T/falkenauer_t120_04/,S,30,1
instancias/Falkenauer_T/falkenauer_t120_04/,S,30,2
instancias/Falkenauer_T/falkenauer_t120_04/,S,30,3
instancias/Falkenauer_T/falkenauer_t120_04/,S,30,4
instancias/Falkenauer_T/falkenauer_t120_04/,S,30,5
instancias/Falkenauer_T/falkenauer_t120_04/,S,30,6
instancias/Falkenauer_T/falkenauer_t120_04/,S,30,7
instancias/Falkenauer_T/falkenauer_t120_04/,S,30,8
instancias/Falkenauer_T/falkenauer_t120_04/,S,30,9
instancias/Falkenauer_T/falkenauer_t120_04/,S,30,10
instancias/Falkenauer_T/falkenauer_t120_04/,S,30,11
instancias/Falkenauer_T/falkenauer_t249_00/,N,0,1
instancias/Falkenauer_T/falkenauer_t249_00/,N,0,2
instancias/Falkenauer_T/falkenauer_t249_00/,N,0,3
instancias/Falkenauer_T/falkenauer_t249_00/,N,0,4
instancias/Falkenauer_T/falkenauer_t249_00/,N,0,5
instancias/Falkenauer_T/falkenauer_t249_00/,N,0,6
instancias/Falkenauer_T/falkenauer_t249_00/,N,0,7
instancias/Falkenauer_T/falkenauer_t249_00/,N,0,8
instancias/Falkenauer_T/falkenauer_t249_00/,N,0,9
instancias/Falkenauer_T/falkenauer_t249_00/,N,0,10
instancias/Falkenauer_T/falkenauer_t249_00/,N,0,11
instancias/Falkenauer_T/falkenauer_t249_00/,S,30,1
instancias/Falkenauer_T/falkenauer_t249_00/,S,30,2
instancias/Falkenauer_T/falkenauer_t249_00/,S,30,3
instancias/Falkenauer_T/falkenauer_t249_00/,S,30,4
instancias/Falkenauer_T/falkenauer_t249_00/,S,30,5
instancias/Falkenauer_T/falkenauer_t249_00/,S,30,6
instancias/Falkenauer_T/falkenauer_t249_00/,S,30,7
instancias/Falkenauer_T/falkenauer_t249_00/,S,30,8
instancias/Falkenauer_T/falkenauer_t249_00/,S,30,9
instancias/Falkenauer_T/falkenauer_t249_00/,S,30,10
instancias/Falkenauer_T/falkenauer_t249_00/,S,30,11
instancias/Falkenauer_T/falkenauer_t249_01/,N,0,1
instancias/Falkenauer_T/falkenauer_t249_01/,N,0,2
instancias/Falkenauer_T/falkenauer_t249_01/,N,0,3
instancias/Falkenauer_T/falkenauer_t249_01/,N,0,4
instancias/Falkenauer_T/falkenauer_t249_01/,N,0,5
instancias/Falkenauer_T/falkenauer_t249_01/,N,0,6
instancias/Falkenauer_T/falkenauer_t249_01/,N,0,7
instancias/Falkenauer_T/falkenauer_t249_01/,N,0,8
instancias/Falkenauer_T/falkenauer_t249_01/,N,0,9
instancias/Falkenauer_T/falkenauer_t249_01/,N,0,10
instancias/Falkenauer_T/falkenauer_t249_01/,N,0,11
instancias/Falkenauer_T/falkenauer_t249_01/,S,30,1
instancias/Falkenauer_T/falkenauer_t249_01/,S,30,2
instancias/Falkenauer_T/falkenauer_t249_01/,S,30,3
instancias/Falkenauer_T/falkenauer_t249_01/,S,30,4
instancias/Falkenauer_T/falkenauer_t249_01/,S,30,5
instancias/Falkenauer_T/falkenauer_t249_01/,S,30,6
instancias/Falkenauer_T/falkenauer_t249_01/,S,30,7
instancias/Falkenauer_T/falkenauer_t249_01/,S,30,8
instancias/Falkenauer_T/falkenauer_t249_01/,S,30,9
instancias/Falkenauer_T/falkenauer_t249_01/,S,30,10
instancias/Falkenauer_T/falkenauer_t249_01/,S,30,11
instancias/Falkenauer_T/falkenauer_t249_02/,N,0,1
instancias/Falkenauer_T/falkenauer_t249_02/,N,0,2
instancias/Falkenauer_T/falkenauer_t249_02/,N,0,3
instancias/Falkenauer_T/falkenauer_t249_02/,N,0,4
instancias/Falkenauer_T/falkenauer_t249_02/,N,0,5
instancias/Falkenauer_T/falkenauer_t249_02/,N,0,6
instancias/Falkenauer_T/falkenauer_t249_02/,N,0,7
instancias/Falkenauer_T/falkenauer_t249_02/,N,0,8
instancias/Falkenauer_T/falkenauer_t249_02/,N,0,9
instancias/Falkenauer_T/falkenauer_t249_02/,N,0,10
instancias/Falkenauer_T/falkenauer_t249_02/,N,0,11
instancias/Falkenauer_T/falkenauer_t249_02/,S,30,1
instancias/Falkenauer_T/falkenauer_t249_02/,S,30,2
instancias/Falkenauer_T/falkenauer_t249_02/,S,30,3
instancias/Falkenauer_T/falkenauer_t249_02/,S,30,4
instancias/Falkenauer_T/falkenauer_t249_02/,S,30,5
instancias/Falkenauer_T/falkenauer_t249_02/,S,30,6
instancias/Falkenauer_T/falkenauer_t249_02/,S,30,7
instancias/Falkenauer_T/falkenauer_t249_02/,S,30,8
instancias/Falkenauer_T/falkenauer_t249_02/,S,30,9
instancias/Falkenauer_T/falkenauer_t249_02/,S,30,10
instancias/Falkenauer_T/falkenauer_t249_02/,S,30,11
instancias/Falkenauer_T/falkenauer_t249_03/,N,0,1
instancias/Falkenauer_T/falkenauer_t249_03/,N,0,2
instancias/Falkenauer_T/falkenauer_t249_03/,N,0,3
instancias/Falkenauer_T/falkenauer_t249_03/,N,0,4
instancias/Falkenauer_T/falkenauer_t249_03/,N,0,5
instancias/Falkenauer_T/falkenauer_t249_03/,N,0,6
instancias/Falkenauer_T/falkenauer_t249_03/,N,0,7
instancias/Falkenauer_T/falkenauer_t249_03/,N,0,8
instancias/Falkenauer_T/falkenauer_t249_03/,N,0,9
instancias/Falkenauer_T/falkenauer_t249_03/,N,0,10
instancias/Falkenauer_T/falkenauer_t249_03/,N,0,11
instancias/Falkenauer_T/falkenauer_t249_03/,S,30,1
instancias/Falkenauer_T/falkenauer_t249_03/,S,30,2
instancias/Falkenauer_T/falkenauer_t249_03/,S,30,3
instancias/Falkenauer_T/falkenauer_t249_03/,S,30,4
instancias/Falkenauer_T/falkenauer_t249_03/,S,30,5
instancias/Falkenauer_T/falkenauer_t249_03/,S,30,6
instancias/Falkenauer_T/falkenauer_t249_03/,S,30,7
instancias/Falkenauer_T/falkenauer_t249_03/,S,30,8
instancias/Falkenauer_T/falkenauer_t249_03/,S,30,9
instancias/Falkenauer_T/falkenauer_t249_03/,S,30,10
instancias/Falkenauer_T/falkenauer_t249_03/,S,30,11
instancias/Falkenauer_T/falkenauer_t249_04/,N,0,1
instancias/Falkenauer_T/falkenauer_t249_04/,N,0,2
instancias/Falkenauer_T/falkenauer_t249_04/,N,0,3
instancias/Falkenauer_T/falkenauer_t249_04/,N,0,4
instancias/Falkenauer_T/falkenauer_t249_04/,N,0,5
instancias/Falkenauer_T/falkenauer_t249_04/,N,0,6
instancias/Falkenauer_T/falkenauer_t249_04/,N,0,7
instancias/Falkenauer_T/falkenauer_t249_04/,N,0,8
instancias/Falkenauer_T/falkenauer_t249_04/,N,0,9
instancias/Falkenauer_T/falkenauer_t249_04/,N,0,10
instancias/Falkenauer_T/falkenauer_t249_04/,N,0,11
instancias/Falkenauer_T/falkenauer_t249_04/,S,30,1
instancias/Falkenauer_T/falkenauer_t249_04/,S,30,2
instancias/Falkenauer_T/falkenauer_t249_04/,S,30,3
instancias/Falkenauer_T/falkenauer_t249_04/,S,30,4
instancias/Falkenauer_T/falkenauer_t249_04/,S,30,5
instancias/Falkenauer_T/falkenauer_t249_04/,S,30,6
instancias/Falkenauer_T/falkenauer_t249_04/,S,30,7
instancias/Falkenauer_T/falkenauer_t249_04/,S,30,8
instancias/Falkenauer_T/falkenauer_t249_04/,S,30,9
instancias/Falkenauer_T/falkenauer_t249_04/,S,30,10
instancias/Falkenauer_T/falkenauer_t249_04/,S,30,11
instancias/Falkenauer_T/falkenauer_t501_00/,N,0,1
instancias/Falkenauer_T/falkenauer_t501_00/,N,0,2
instancias/Falkenauer_T/falkenauer_t501_00/,N,0,3
instancias/Falkenauer_T/falkenauer_t501_00/,N,0,4
instancias/Falkenauer_T/falkenauer_t501_00/,N,0,5
instancias/Falkenauer_T/falkenauer_t501_00/,N,0,6
instancias/Falkenauer_T/falkenauer_t501_00/,N,0,7
instancias/Falkenauer_T/falkenauer_t501_00/,N,0,8
instancias/Falkenauer_T/falkenauer_t501_00/,N,0,9
instancias/Falkenauer_T/falkenauer_t501_00/,N,0,10
instancias/Falkenauer_T/falkenauer_t501_00/,N,0,11
instancias/Falkenauer_T/falkenauer_t501_00/,S,30,1
instancias/Falkenauer_T/falkenauer_t501_00/,S,30,2
instancias/Falkenauer_T/falkenauer_t501_00/,S,30,3
instancias/Falkenauer_T/falkenauer_t501_00/,S,30,4
instancias/Falkenauer_T/falkenauer_t501_00/,S,30,5
instancias/Falkenauer_T/falkenauer_t501_00/,S,30,6
instancias/Falkenauer_T/falkenauer_t501_00/,S,30,7
instancias/Falkenauer_T/falkenauer_t501_00/,S,30,8
instancias/Falkenauer_T/falkenauer_t501_00/,S,30,9
instancias/Falkenauer_T/falkenauer_t501_00/,S,30,10
instancias/Falkenauer_T/falkenauer_t501_00/,S,30,11
instancias/Falkenauer_T/falkenauer_t501_01/,N,0,1
instancias/Falkenauer_T/falkenauer_t501_01/,N,0,2
instancias/Falkenauer_T/falkenauer_t501_01/,N,0,3
instancias/Falkenauer_T/falkenauer_t501_01/,N,0,4
instancias/Falkenauer_T/falkenauer_t501_01/,N,0,5
instancias/Falkenauer_T/falkenauer_t501_01/,N,0,6
instancias/Falkenauer_T/falkenauer_t501_01/,N,0,7
instancias/Falkenauer_T/falkenauer_t501_01/,N,0,8
instancias/Falkenauer_T/falkenauer_t501_01/,N,0,9
instancias/Falkenauer_T/falkenauer_t501_01/,N,0,10
instancias/Falkenauer_T/falkenauer_t501_01/,N,0,11
instancias/Falkenauer_T/falkenauer_t501_01/,S,30,1
instancias/Falkenauer_T/falkenauer_t501_01/,S,30,2
instancias/Falkenauer_T/falkenauer_t501_01/,S,30,3
instancias/Falkenauer_T/falkenauer_t501_01/,S,30,4
instancias/Falkenauer_T/falkenauer_t501_01/,S,30,5
instancias/Falkenauer_T/falkenauer_t501_01/,S,30,6
instancias/Falkenauer_T/falkenauer_t501_01/,S,30,7
instancias/Falkenauer_T/falkenauer_t501_01/,S,30,8
instancias/Falkenauer_T/falkenauer_t501_01/,S,30,9
instancias/Falkenauer_T/falkenauer_t501_01/,S,30,10
instancias/Falkenauer_T/falkenauer_t501_01/,S,30,11
instancias/Falkenauer_T/falkenauer_t501_02/,N,0,1
instancias/Falkenauer_T/falkenauer_t501_02/,N,0,2
instancias/Falkenauer_T/falkenauer_t501_02/,N,0,3
instancias/Falkenauer_T/falkenauer_t501_02/,N,0,4
instancias/Falkenauer_T/falkenauer_t501_02/,N,0,5
instancias/Falkenauer_T/falkenauer_t501_02/,N,0,6
instancias/Falkenauer_T/falkenauer_t501_02/,N,0,7
instancias/Falkenauer_T/falkenauer_t501_02/,N,0,8
instancias/Falkenauer_T/falkenauer_t501_02/,N,0,9
instancias/Falkenauer_T/falkenauer_t501_02/,N,0,10
instancias/Falkenauer_T/falkenauer_t501_02/,N,0,11
instancias/Falkenauer_T/falkenauer_t501_02/,S,30,1
instancias/Falkenauer_T/falkenauer_t501_02/,S,30,2
instancias/Falkenauer_T/falkenauer_t501_02/,S,30,3
instancias/Falkenauer_T/falkenauer_t501_02/,S,30,4
instancias/Falkenauer_T/falkenauer_t501_02/,S,30,5
instancias/Falkenauer_T/falkenauer_t501_02/,S,30,6
instancias/Falkenauer_T/falkenauer_t501_02/,S,30,7
instancias/Falkenauer_T/falkenauer_t501_02/,S,30,8
instancias/Falkenauer_T/falkenauer_t501_02/,S,30,9
instancias/Falkenauer_T/falkenauer_t501_02/,S,30,10
instancias/Falkenauer_T/falkenauer_t501_02/,S,30,11
instancias/Falkenauer_T/falkenauer_t501_03/,N,0,1
instancias/Falkenauer_T/falkenauer_t501_03/,N,0,2
instancias/Falkenauer_T/falkenauer_t501_03/,N,0,3
instancias/Falkenauer_T/falkenauer_t501_03/,N,0,4
instancias/Falkenauer_T/falkenauer_t501_03/,N,0,5
instancias/Falkenauer_T/falkenauer_t501_03/,N,0,6
instancias/Falkenauer_T/falkenauer_t501_03/,N,0,7
instancias/Falkenauer_T/falkenauer_t501_03/,N,0,8
instancias/Falkenauer_T/falkenauer_t501_03/,N,0,9
instancias/Falkenauer_T/falkenauer_t501_03/,N,0,10
instancias/Falkenauer_T/falkenauer_t501_03/,N,0,11
instancias/Falkenauer_T/falkenauer_t501_03/,S,30,1
instancias/Falkenauer_T/falkenauer_t501_03/,S,30,2
instancias/Falkenauer_T/falkenauer_t501_03/,S,30,3
instancias/Falkenauer_T/falkenauer_t501_03/,S,30,4
instancias/Falkenauer_T/falkenauer_t501_03/,S,30,5
instancias/Falkenauer_T/falkenauer_t501_03/,S,30,6
instancias/Falkenauer_T/falkenauer_t501_03/,S,30,7
instancias/Falkenauer_T/falkenauer_t501_03/,S,30,8
instancias/Falkenauer_T/falkenauer_t501_03/,S,30,9
instancias/Falkenauer_T/falkenauer_t501_03/,S,30,10
instancias/Falkenauer_T/falkenauer_t501_03/,S,30,11
instancias/Falkenauer_T/falkenauer_t501_04/,N,0,1
instancias/Falkenauer_T/falkenauer_t501_04/,N,0,2
instancias/Falkenauer_T/falkenauer_t501_04/,N,0,3
instancias/Falkenauer_T/falkenauer_t501_04/,N,0,4
instancias/Falkenauer_T/falkenauer_t501_04/,N,0,5
instancias/Falkenauer_T/falkenauer_t501_04/,N,0,6
instancias/Falkenauer_T/falkenauer_t501_04/,N,0,7
instancias/Falkenauer_T/falkenauer_t501_04/,N,0,8
instancias/Falkenauer_T/falkenauer_t501_04/,N,0,9
instancias/Falkenauer_T/falkenauer_t501_04/,N,0,10
instancias/Falkenauer_T/falkenauer_t501_04/,N,0,11
instancias/Falkenauer_T/falkenauer_t501_04/,S,30,1
instancias/Falkenauer_T/falkenauer_t501_04/,S,30,2
instancias/Falkenauer_T/falkenauer_t501_04/,S,30,3
instancias/Falkenauer_T/falkenauer_t501_04/,S,30,4
instancias/Falkenauer_T/falkenauer_t501_04/,S,30,5
instancias/Falkenauer_T/falkenauer_t501_04/,S,30,6
instancias/Falkenauer_T/falkenauer_t501_04/,S,30,7
instancias/Falkenauer_T/falkenauer_t501_04/,S,30,8
instancias/Falkenauer_T/falkenauer_t501_04/,S,30,9
instancias/Falkenauer_T/falkenauer_t501_04/,S,30,10
instancias/Falkenauer_T/falkenauer_t501_04/,S,30,11
instancias/Falkenauer_U/falkenauer_u120_00/,N,0,1
instancias/Falkenauer_U/falkenauer_u120_00/,N,0,2
instancias/Falkenauer_U/falkenauer_u120_00/,N,0,3
instancias/Falkenauer_U/falkenauer_u120_00/,N,0,4
instancias/Falkenauer_U/falkenauer_u120_00/,N,0,5
instancias/Falkenauer_U/falkenauer_u120_00/,N,0,6
instancias/Falkenauer_U/falkenauer_u120_00/,N,0,7
instancias/Falkenauer_U/falkenauer_u120_00/,N,0,8
instancias/Falkenauer_U/falkenauer_u120_00/,N,0,9
instancias/Falkenauer_U/falkenauer_u120_00/,N,0,10
instancias/Falkenauer_U/falkenauer_u120_00/,N,0,11
instancias/Falkenauer_U/falkenauer_u120_00/,S,30,1
instancias/Falkenauer_U/falkenauer_u120_00/,S,30,2
instancias/Falkenauer_U/falkenauer_u120_00/,S,30,3
instancias/Falkenauer_U/falkenauer_u120_00/,S,30,4
instancias/Falkenauer_U/falkenauer_u120_00/,S,30,5
instancias/Falkenauer_U/falkenauer_u120_00/,S,30,6
instancias/Falkenauer_U/falkenauer_u120_00/,S,30,7
instancias/Falkenauer_U/falkenauer_u120_00/,S,30,8
instancias/Falkenauer_U/falkenauer_u120_00/,S,30,9
instancias/Falkenauer_U/falkenauer_u120_00/,S,30,10
instancias/Falkenauer_U/falkenauer_u120_00/,S,30,11
instancias/Falkenauer_U/falkenauer_u120_01/,N,0,1
instancias/Falkenauer_U/falkenauer_u120_01/,N,0,2
instancias/Falkenauer_U/falkenauer_u120_01/,N,0,3
instancias/Falkenauer_U/falkenauer_u120_01/,N,0,4
instancias/Falkenauer_U/falkenauer_u120_01/,N,0,5
instancias/Falkenauer_U/falkenauer_u120_01/,N,0,6
instancias/Falkenauer_U/falkenauer_u120_01/,N,0,7
instancias/Falkenauer_U/falkenauer_u120_01/,N,0,8
instancias/Falkenauer_U/falkenauer_u120_01/,N,0,9
instancias/Falkenauer_U/falkenauer_u120_01/,N,0,10
instancias/Falkenauer_U/falkenauer_u120_01/,N,0,11
instancias/Falkenauer_U/falkenauer_u120_01/,S,30,1
instancias/Falkenauer_U/falkenauer_u120_01/,S,30,2
instancias/Falkenauer_U/falkenauer_u120_01/,S,30,3
instancias/Falkenauer_U/falkenauer_u120_01/,S,30,4
instancias/Falkenauer_U/falkenauer_u120_01/,S,30,5
instancias/Falkenauer_U/falkenauer_u120_01/,S,30,6
instancias/Falkenauer_U/falkenauer_u120_01/,S,30,7
instancias/Falkenauer_U/falkenauer_u120_01/,S,30,8
instancias/Falkenauer_U/falkenauer_u120_01/,S,30,9
instancias/Falkenauer_U/falkenauer_u120_01/,S,30,10
instancias/Falkenauer_U/falkenauer_u120_01/,S,30,11
instancias/Falkenauer_U/falkenauer_u120_02/,N,0,1
instancias/Falkenauer_U/falkenauer_u120_02/,N,0,2
instancias/Falkenauer_U/falkenauer_u120_02/,N,0,3
instancias/Falkenauer_U/falkenauer_u120_02/,N,0,4
instancias/Falkenauer_U/falkenauer_u120_02/,N,0,5
instancias/Falkenauer_U/falkenauer_u120_02/,N,0,6
instancias/Falkenauer_U/falkenauer_u120_02/,N,0,7
instancias/Falkenauer_U/falkenauer_u120_02/,N,0,8
instancias/Falkenauer_U/falkenauer_u120_02/,N,0,9
instancias/Falkenauer_U/falkenauer_u120_02/,N,0,10
instancias/Falkenauer_U/falkenauer_u120_02/,N,0,11
instancias/Falkenauer_U/falkenauer_u120_02/,S,30,1
instancias/Falkenauer_U/falkenauer_u120_02/,S,30,2
instancias/Falkenauer_U/falkenauer_u120_02/,S,30,3
instancias/Falkenauer_U/falkenauer_u120_02/,S,30,4
instancias/Falkenauer_U/falkenauer_u120_02/,S,30,5
instancias/Falkenauer_U/falkenauer_u120_02/,S,30,6
instancias/Falkenauer_U/falkenauer_u120_02/,S,30,7
instancias/Falkenauer_U/falkenauer_u120_02/,S,30,8
instancias/Falkenauer_U/falkenauer_u120_02/,S,30,9
instancias/Falkenauer_U/falkenauer_u120_02/,S,30,10
instancias/Falkenauer_U/falkenauer_u120_02/,S,30,11
instancias/Falkenauer_U/falkenauer_u120_03/,N,0,1
instancias/Falkenauer_U/falkenauer_u120_03/,N,0,2
instancias/Falkenauer_U/falkenauer_u120_03/,N,0,3
instancias/Falkenauer_U/falkenauer_u120_03/,N,0,4
instancias/Falkenauer_U/falkenauer_u120_03/,N,0,5
instancias/Falkenauer_U/falkenauer_u120_03/,N,0,6
instancias/Falkenauer_U/falkenauer_u120_03/,N,0,7
instancias/Falkenauer_U/falkenauer_u120_03/,N,0,8
instancias/Falkenauer_U/falkenauer_u120_03/,N,0,9
instancias/Falkenauer_U/falkenauer_u120_03/,N,0,10
instancias/Falkenauer_U/falkenauer_u120_03/,N,0,11
instancias/Falkenauer_U/falkenauer_u120_03/,S,30,1
instancias/Falkenauer_U/falkenauer_u120_03/,S,30,2
instancias/Falkenauer_U/falkenauer_u120_03/,S,30,3
instancias/Falkenauer_U/falkenauer_u120_03/,S,30,4
instancias/Falkenauer_U/falkenauer_u120_03/,S,30,5
instancias/Falkenauer_U/falkenauer_u120_03/,S,30,6
instancias/Falkenauer_U/falkenauer_u120_03/,S,30,7
instancias/Falkenauer_U/falkenauer_u120_03/,S,30,8
instancias/Falkenauer_U/falkenauer_u120_03/,S,30,9
instancias/Falkenauer_U/falkenauer_u120_03/,S,30,10
instancias/Falkenauer_U/falkenauer_u120_03/,S,30,11
instancias/Falkenauer_U/falkenauer_u120_04/,N,0,1
instancias/Falkenauer_U/falkenauer_u120_04/,N,0,2
instancias/Falkenauer_U/falkenauer_u120_04/,N,0,3
instancias/Falkenauer_U/falkenauer_u120_04/,N,0,4
instancias/Falkenauer_U/falkenauer_u120_04/,N,0,5
instancias/Falkenauer_U/falkenauer_u120_04/,N,0,6
instancias/Falkenauer_U/falkenauer_u120_04/,N,0,7
instancias/Falkenauer_U/falkenauer_u120_04/,N,0,8
instancias/Falkenauer_U/falkenauer_u120_04/,N,0,9
instancias/Falkenauer_U/falkenauer_u120_04/,N,0,10
instancias/Falkenauer_U/falkenauer_u120_04/,N,0,11
instancias/Falkenauer_U/falkenauer_u120_04/,S,30,1
instancias/Falkenauer_U/falkenauer_u120_04/,S,30,2
instancias/Falkenauer_U/falkenauer_u120_04/,S,30,3
instancias/Falkenauer_U/falkenauer_u120_04/,S,30,4
instancias/Falkenauer_U/falkenauer_u120_04/,S,30,5
instancias/Falkenauer_U/falkenauer_u120_04/,S,30,6
instancias/Falkenauer_U/falkenauer_u120_04/,S,30,7
instancias/Falkenauer_U/falkenauer_u120_04/,S,30,8
instancias/Falkenauer_U/falkenauer_u120_04/,S,30,9
instancias/Falkenauer_U/falkenauer_u120_04/,S,30,10
instancias/Falkenauer_U/falkenauer_u120_04/,S,30,11
instancias/Falkenauer_U/falkenauer_u250_00/,N,0,1
instancias/Falkenauer_U/falkenauer_u250_00/,N,0,2
instancias/Falkenauer_U/falkenauer_u250_00/,N,0,3
instancias/Falkenauer_U/falkenauer_u250_00/,N,0,4
instancias/Falkenauer_U/falkenauer_u250_00/,N,0,5
instancias/Falkenauer_U/falkenauer_u250_00/,N,0,6
instancias/Falkenauer_U/falkenauer_u250_00/,N,0,7
instancias/Falkenauer_U/falkenauer_u250_00/,N,0,8
instancias/Falkenauer_U/falkenauer_u250_00/,N,0,9
instancias/Falkenauer_U/falkenauer_u250_00/,N,0,10
instancias/Falkenauer_U/falkenauer_u250_00/,N,0,11
instancias/Falkenauer_U/falkenauer_u250_00/,S,30,1
instancias/Falkenauer_U/falkenauer_u250_00/,S,30,2
instancias/Falkenauer_U/falkenauer_u250_00/,S,30,3
instancias/Falkenauer_U/falkenauer_u250_00/,S,30,4
instancias/Falkenauer_U/falkenauer_u250_00/,S,30,5
instancias/Falkenauer_U/falkenauer_u250_00/,S,30,6
instancias/Falkenauer_U/falkenauer_u250_00/,S,30,7
instancias/Falkenauer_U/falkenauer_u250_00/,S,30,8
instancias/Falkenauer_U/falkenauer_u250_00/,S,30,9
instancias/Falkenauer_U/falkenauer_u250_00/,S,30,10
instancias/Falkenauer_U/falkenauer_u250_00/,S,30,11
instancias/Falkenauer_U/falkenauer_u250_01/,N,0,1
instancias/Falkenauer_U/falkenauer_u250_01/,N,0,2
instancias/Falkenauer_U/falkenauer_u250_01/,N,0,3
instancias/Falkenauer_U/falkenauer_u250_01/,N,0,4
instancias/Falkenauer_U/falkenauer_u250_01/,N,0,5
instancias/Falkenauer_U/falkenauer_u250_01/,N,0,6
instancias/Falkenauer_U/falkenauer_u250_01/,N,0,7
instancias/Falkenauer_U/falkenauer_u250_01/,N,0,8
instancias/Falkenauer_U/falkenauer_u250_01/,N,0,9
instancias/Falkenauer_U/falkenauer_u250_01/,N,0,10
instancias/Falkenauer_U/falkenauer_u250_01/,N,0,11
instancias/Falkenauer_U/falkenauer_u250_01/,S,30,1
instancias/Falkenauer_U/falkenauer_u250_01/,S,30,2
instancias/Falkenauer_U/falkenauer_u250_01/,S,30,3
instancias/Falkenauer_U/falkenauer_u250_01/,S,30,4
instancias/Falkenauer_U/falkenauer_u250_01/,S,30,5
instancias/Falkenauer_U/falkenauer_u250_01/,S,30,6
instancias/Falkenauer_U/falkenauer_u250_01/,S,30,7
instancias/Falkenauer_U/falkenauer_u250_01/,S,30,8
instancias/Falkenauer_U/falkenauer_u250_01/,S,30,9
instancias/Falkenauer_U/falkenauer_u250_01/,S,30,10
instancias/Falkenauer_U/falkenauer_u250_01/,S,30,11
instancias/Falkenauer_U/falkenauer_u250_02/,N,0,1
instancias/Falkenauer_U/falkenauer_u250_02/,N,0,2
instancias/Falkenauer_U/falkenauer_u250_02/,N,0,3
instancias/Falkenauer_U/falkenauer_u250_02/,N,0,4
instancias/Falkenauer_U/falkenauer_u250_02/,N,0,5
instancias/Falkenauer_U/falkenauer_u250_02/,N,0,6
instancias/Falkenauer_U/falkenauer_u250_02/,N,0,7
instancias/Falkenauer_U/falkenauer_u250_02/,N,0,8
instancias/Falkenauer_U/falkenauer_u250_02/,N,0,9
instancias/Falkenauer_U/falkenauer_u250_02/,N,0,10
instancias/Falkenauer_U/falkenauer_u250_02/,N,0,11
instancias/Falkenauer_U/falkenauer_u250_02/,S,30,1
instancias/Falkenauer_U/falkenauer_u250_02/,S,30,2
instancias/Falkenauer_U/falkenauer_u250_02/,S,30,3
instancias/Falkenauer_U/falkenauer_u250_02/,S,30,4
instancias/Falkenauer_U/falkenauer_u250_02/,S,30,5
instancias/Falkenauer_U/falkenauer_u250_02/,S,30,6
instancias/Falkenauer_U/falkenauer_u250_02/,S,30,7
instancias/Falkenauer_U/falkenauer_u250_02/,S,30,8
instancias/Falkenauer_U/falkenauer_u250_02/,S,30,9
instancias/Falkenauer_U/falkenauer_u250_02/,S,30,10
instancias/Falkenauer_U/falkenauer_u250_02/,S,30,11
instancias/Falkenauer_U/falkenauer_u250_03/,N,0,1
instancias/Falkenauer_U/falkenauer_u250_03/,N,0,2
instancias/Falkenauer_U/falkenauer_u250_03/,N,0,3
instancias/Falkenauer_U/falkenauer_u250_03/,N,0,4
instancias/Falkenauer_U/falkenauer_u250_03/,N,0,5
instancias/Falkenauer_U/falkenauer_u250_03/,N,0,6
instancias/Falkenauer_U/falkenauer_u250_03/,N,0,7
instancias/Falkenauer_U/falkenauer_u250_03/,N,0,8
instancias/Falkenauer_U/falkenauer_u250_03/,N,0,9
instancias/Falkenauer_U/falkenauer_u250_03/,N,0,10
instancias/Falkenauer_U/falkenauer_u250_03/,N,0,11
instancias/Falkenauer_U/falkenauer_u250_03/,S,30,1
instancias/Falkenauer_U/falkenauer_u250_03/,S,30,2
instancias/Falkenauer_U/falkenauer_u250_03/,S,30,3
instancias/Falkenauer_U/falkenauer_u250_03/,S,30,4
instancias/Falkenauer_U/falkenauer_u250_03/,S,30,5
instancias/Falkenauer_U/falkenauer_u250_03/,S,30,6
instancias/Falkenauer_U/falkenauer_u250_03/,S,30,7
instancias/Falkenauer_U/falkenauer_u250_03/,S,30,8
instancias/Falkenauer_U/falkenauer_u250_03/,S,30,9
instancias/Falkenauer_U/falkenauer_u250_03/,S,30,10
instancias/Falkenauer_U/falkenauer_u250_03/,S,30,11
instancias/Falkenauer_U/falkenauer_u250_04/,N,0,1
instancias/Falkenauer_U/falkenauer_u250_04/,N,0,2
instancias/Falkenauer_U/falkenauer_u250_04/,N,0,3
instancias/Falkenauer_U/falkenauer_u250_04/,N,0,4
instancias/Falkenauer_U/falkenauer_u250_04/,N,0,5
instancias/Falkenauer_U/falkenauer_u250_04/,N,0,6
instancias/Falkenauer_U/falkenauer_u250_04/,N,0,7
instancias/Falkenauer_U/falkenauer_u250_04/,N,0,8
instancias/Falkenauer_U/falkenauer_u250_04/,N,0,9
instancias/Falkenauer_U/falkenauer_u250_04/,N,0,10
instancias/Falkenauer_U/falkenauer_u250_04/,N,0,11
instancias/Falkenauer_U/falkenauer_u250_04/,S,30,1
instancias/Falkenauer_U/falkenauer_u250_04/,S,30,2
instancias/Falkenauer_U/falkenauer_u250_04/,S,30,3
instancias/Falkenauer_U/falkenauer_u250_04/,S,30,4
instancias/Falkenauer_U/falkenauer_u250_04/,S,30,5
instancias/Falkenauer_U/falkenauer_u250_04/,S,30,6
instancias/Falkenauer_U/falkenauer_u250_04/,S,30,7
instancias/Falkenauer_U/falkenauer_u250_04/,S,30,8
instancias/Falkenauer_U/falkenauer_u250_04/,S,30,9
instancias/Falkenauer_U/falkenauer_u250_04/,S,30,10
instancias/Falkenauer_U/falkenauer_u250_04/,S,30,11
instancias/Falkenauer_U/falkenauer_u500_00/,N,0,1
instancias/Falkenauer_U/falkenauer_u500_00/,N,0,2
instancias/Falkenauer_U/falkenauer_u500_00/,N,0,3
instancias/Falkenauer_U/falkenauer_u500_00/,N,0,4
instancias/Falkenauer_U/falkenauer_u500_00/,N,0,5
instancias/Falkenauer_U/falkenauer_u500_00/,N,0,6
instancias/Falkenauer_U/falkenauer_u500_00/,N,0,7
instancias/Falkenauer_U/falkenauer_u500_00/,N,0,8
instancias/Falkenauer_U/falkenauer_u500_00/,N,0,9
instancias/Falkenauer_U/falkenauer_u500_00/,N,0,10
instancias/Falkenauer_U/falkenauer_u500_00/,N,0,11
instancias/Falkenauer_U/falkenauer_u500_00/,S,30,1
instancias/Falkenauer_U/falkenauer_u500_00/,S,30,2
instancias/Falkenauer_U/falkenauer_u500_00/,S,30,3
instancias/Falkenauer_U/falkenauer_u500_00/,S,30,4
instancias/Falkenauer_U/falkenauer_u500_00/,S,30,5
instancias/Falkenauer_U/falkenauer_u500_00/,S,30,6
instancias/Falkenauer_U/falkenauer_u500_00/,S,30,7
instancias/Falkenauer_U/falkenauer_u500_00/,S,30,8
instancias/Falkenauer_U/falkenauer_u500_00/,S,30,9
instancias/Falkenauer_U/falkenauer_u500_00/,S,30,10
instancias/Falkenauer_U/falkenauer_u500_00/,S,30,11
instancias/Falkenauer_U/falkenauer_u500_01/,N,0,1
instancias/Falkenauer_U/falkenauer_u500_01/,N,0,2
instancias/Falkenauer_U/falkenauer_u500_01/,N,0,3
instancias/Falkenauer_U/falkenauer_u500_01/,N,0,4
instancias/Falkenauer_U/falkenauer_u500_01/,N,0,5
instancias/Falkenauer_U/falkenauer_u500_01/,N,0,6
instancias/Falkenauer_U/falkenauer_u500_01/,N,0,7
instancias/Falkenauer_U/falkenauer_u500_01/,N,0,8
instancias/Falkenauer_U/falkenauer_u500_01/,N,0,9
instancias/Falkenauer_U/falkenauer_u500_01/,N,0,10
instancias/Falkenauer_U/falkenauer_u500_01/,N,0,11
instancias/Falkenauer_U/falkenauer_u500_01/,S,30,1
instancias/Falkenauer_U/falkenauer_u500_01/,S,30,2
instancias/Falkenauer_U/falkenauer_u500_01/,S,30,3
instancias/Falkenauer_U/falkenauer_u500_01/,S,30,4
instancias/Falkenauer_U/falkenauer_u500_01/,S,30,5
instancias/Falkenauer_U/falkenauer_u500_01/,S,30,6
instancias/Falkenauer_U/falkenauer_u500_01/,S,30,7
instancias/Falkenauer_U/falkenauer_u500_01/,S,30,8
instancias/Falkenauer_U/falkenauer_u500_01/,S,30,9
instancias/Falkenauer_U/falkenauer_u500_01/,S,30,10
instancias/Falkenauer_U/falkenauer_u500_01/,S,30,11
instancias/Falkenauer_U/falkenauer_u500_02/,N,0,1
instancias/Falkenauer_U/falkenauer_u500_02/,N,0,2
instancias/Falkenauer_U/falkenauer_u500_02/,N,0,3
instancias/Falkenauer_U/falkenauer_u500_02/,N,0,4
instancias/Falkenauer_U/falkenauer_u500_02/,N,0,5
instancias/Falkenauer_U/falkenauer_u500_02/,N,0,6
instancias/Falkenauer_U/falkenauer_u500_02/,N,0,7
instancias/Falkenauer_U/falkenauer_u500_02/,N,0,8
instancias/Falkenauer_U/falkenauer_u500_02/,N,0,9
instancias/Falkenauer_U/falkenauer_u500_02/,N,0,10
instancias/Falkenauer_U/falkenauer_u500_02/,N,0,11
instancias/Falkenauer_U/falkenauer_u500_02/,S,30,1
instancias/Falkenauer_U/falkenauer_u500_02/,S,30,2
instancias/Falkenauer_U/falkenauer_u500_02/,S,30,3
instancias/Falkenauer_U/falkenauer_u500_02/,S,30,4
instancias/Falkenauer_U/falkenauer_u500_02/,S,30,5
instancias/Falkenauer_U/falkenauer_u500_02/,S,30,6
instancias/Falkenauer_U/falkenauer_u500_02/,S,30,7
instancias/Falkenauer_U/falkenauer_u500_02/,S,30,8
instancias/Falkenauer_U/falkenauer_u500_02/,S,30,9
instancias/Falkenauer_U/falkenauer_u500_02/,S,30,10
instancias/Falkenauer_U/falkenauer_u500_02/,S,30,11
instancias/Falkenauer_U/falkenauer_u500_03/,N,0,1
instancias/Falkenauer_U/falkenauer_u500_03/,N,0,2
instancias/Falkenauer_U/falkenauer_u500_03/,N,0,3
instancias/Falkenauer_U/falkenauer_u500_03/,N,0,4
instancias/Falkenauer_U/falkenauer_u500_03/,N,0,5
instancias/Falkenauer_U/falkenauer_u500_03/,N,0,6
instancias/Falkenauer_U/falkenauer_u500_03/,N,0,7
instancias/Falkenauer_U/falkenauer_u500_03/,N,0,8
instancias/Falkenauer_U/falkenauer_u500_03/,N,0,9
instancias/Falkenauer_U/falkenauer_u500_03/,N,0,10
instancias/Falkenauer_U/falkenauer_u500_03/,N,0,11
instancias/Falkenauer_U/falkenauer_u500_03/,S,30,1
instancias/Falkenauer_U/falkenauer_u500_03/,S,30,2
instancias/Falkenauer_U/falkenauer_u500_03/,S,30,3
instancias/Falkenauer_U/falkenauer_u500_03/,S,30,4
instancias/Falkenauer_U/falkenauer_u500_03/,S,30,5
instancias/Falkenauer_U/falkenauer_u500_03/,S,30,6
instancias/Falkenauer_U/falkenauer_u500_03/,S,30,7
instancias/Falkenauer_U/falkenauer_u500_03/,S,30,8
instancias/Falkenauer_U/falkenauer_u500_03/,S,30,9
instancias/Falkenauer_U/falkenauer_u500_03/,S,30,10
instancias/Falkenauer_U/falkenauer_u500_03/,S,30,11
instancias/Falkenauer_U/falkenauer_u500_04/,N,0,1
instancias/Falkenauer_U/falkenauer_u500_04/,N,0,2
instancias/Falkenauer_U/falkenauer_u500_04/,N,0,3
instancias/Falkenauer_U/falkenauer_u500_04/,N,0,4
instancias/Falkenauer_U/falkenauer_u500_04/,N,0,5
instancias/Falkenauer_U/falkenauer_u500_04/,N,0,6
instancias/Falkenauer_U/falkenauer_u500_04/,N,0,7
instancias/Falkenauer_U/falkenauer_u500_04/,N,0,8
instancias/Falkenauer_U/falkenauer_u500_04/,N,0,9
instancias/Falkenauer_U/falkenauer_u500_04/,N,0,10
instancias/Falkenauer_U/falkenauer_u500_04/,N,0,11
instancias/Falkenauer_U/falkenauer_u500_04/,S,30,1
instancias/Falkenauer_U/falkenauer_u500_04/,S,30,2
instancias/Falkenauer_U/falkenauer_u500_04/,S,30,3
instancias/Falkenauer_U/falkenauer_u500_04/,S,30,4
instancias/Falkenauer_U/falkenauer_u500_04/,S,30,5
instancias/Falkenauer_U/falkenauer_u500_04/,S,30,6
instancias/Falkenauer_U/falkenauer_u500_04/,S,30,7
instancias/Falkenauer_U/falkenauer_u500_04/,S,30,8
instancias/Falkenauer_U/falkenauer_u500_04/,S,30,9
instancias/Falkenauer_U/falkenauer_u500_04/,S,30,10
instancias/Falkenauer_U/falkenauer_u500_04/,S,30,11
instancias/Falkenauer_U/falkenauer_u1000_00/,N,0,1
instancias/Falkenauer_U/falkenauer_u1000_00/,N,0,2
instancias/Falkenauer_U/falkenauer_u1000_00/,N,0,3
instancias/Falkenauer_U/falkenauer_u1000_00/,N,0,4
instancias/Falkenauer_U/falkenauer_u1000_00/,N,0,5
instancias/Falkenauer_U/falkenauer_u1000_00/,N,0,6
instancias/Falkenauer_U/falkenauer_u1000_00/,N,0,7
instancias/Falkenauer_U/falkenauer_u1000_00/,N,0,8
instancias/Falkenauer_U/falkenauer_u1000_00/,N,0,9
instancias/Falkenauer_U/falkenauer_u1000_00/,N,0,10
instancias/Falkenauer_U/falkenauer_u1000_00/,N,0,11
instancias/Falkenauer_U/falkenauer_u1000_00/,S,30,1
instancias/Falkenauer_U/falkenauer_u1000_00/,S,30,2
instancias/Falkenauer_U/falkenauer_u1000_00/,S,30,3
instancias/Falkenauer_U/falkenauer_u1000_00/,S,30,4
instancias/Falkenauer_U/falkenauer_u1000_00/,S,30,5
instancias/Falkenauer_U/falkenauer_u1000_00/,S,30,6
instancias/Falkenauer_U/falkenauer_u1000_00/,S,30,7
instancias/Falkenauer_U/falkenauer_u1000_00/,S,30,8
instancias/Falkenauer_U/falkenauer_u1000_00/,S,30,9
instancias/Falkenauer_U/falkenauer_u1000_00/,S,30,10
instancias/Falkenauer_U/falkenauer_u1000_00/,S,30,11
instancias/Falkenauer_U/falkenauer_u1000_01/,N,0,1
instancias/Falkenauer_U/falkenauer_u1000_01/,N,0,2
instancias/Falkenauer_U/falkenauer_u1000_01/,N,0,3
instancias/Falkenauer_U/falkenauer_u1000_01/,N,0,4
instancias/Falkenauer_U/falkenauer_u1000_01/,N,0,5
instancias/Falkenauer_U/falkenauer_u1000_01/,N,0,6
instancias/Falkenauer_U/falkenauer_u1000_01/,N,0,7
instancias/Falkenauer_U/falkenauer_u1000_01/,N,0,8
instancias/Falkenauer_U/falkenauer_u1000_01/,N,0,9
instancias/Falkenauer_U/falkenauer_u1000_01/,N,0,10
instancias/Falkenauer_U/falkenauer_u1000_01/,N,0,11
instancias/Falkenauer_U/falkenauer_u1000_01/,S,30,1
instancias/Falkenauer_U/falkenauer_u1000_01/,S,30,2
instancias/Falkenauer_U/falkenauer_u1000_01/,S,30,3
instancias/Falkenauer_U/falkenauer_u1000_01/,S,30,4
instancias/Falkenauer_U/falkenauer_u1000_01/,S,30,5
instancias/Falkenauer_U/falkenauer_u1000_01/,S,30,6
instancias/Falkenauer_U/falkenauer_u1000_01/,S,30,7
instancias/Falkenauer_U/falkenauer_u1000_01/,S,30,8
instancias/Falkenauer_U/falkenauer_u1000_01/,S,30,9
instancias/Falkenauer_U/falkenauer_u1000_01/,S,30,10
instancias/Falkenauer_U/falkenauer_u1000_01/,S,30,11
instancias/Falkenauer_U/falkenauer_u1000_02/,N,0,1
instancias/Falkenauer_U/falkenauer_u1000_02/,N,0,2
instancias/Falkenauer_U/falkenauer_u1000_02/,N,0,3
instancias/Falkenauer_U/falkenauer_u1000_02/,N,0,4
instancias/Falkenauer_U/falkenauer_u1000_02/,N,0,5
instancias/Falkenauer_U/falkenauer_u1000_02/,N,0,6
instancias/Falkenauer_U/falkenauer_u1000_02/,N,0,7
instancias/Falkenauer_U/falkenauer_u1000_02/,N,0,8
instancias/Falkenauer_U/falkenauer_u1000_02/,N,0,9
instancias/Falkenauer_U/falkenauer_u1000_02/,N,0,10
instancias/Falkenauer_U/falkenauer_u1000_02/,N,0,11
instancias/Falkenauer_U/falkenauer_u1000_02/,S,30,1
instancias/Falkenauer_U/falkenauer_u1000_02/,S,30,2
instancias/Falkenauer_U/falkenauer_u1000_02/,S,30,3
instancias/Falkenauer_U/falkenauer_u1000_02/,S,30,4
instancias/Falkenauer_U/falkenauer_u1000_02/,S,30,5
instancias/Falkenauer_U/falkenauer_u1000_02/,S,30,6
instancias/Falkenauer_U/falkenauer_u1000_02/,S,30,7
instancias/Falkenauer_U/falkenauer_u1000_02/,S,30,8
instancias/Falkenauer_U/falkenauer_u1000_02/,S,30,9
instancias/Falkenauer_U/falkenauer_u1000_02/,S,30,10
instancias/Falkenauer_U/falkenauer_u1000_02/,S,30,11
instancias/Falkenauer_U/falkenauer_u1000_03/,N,0,1
instancias/Falkenauer_U/falkenauer_u1000_03/,N,0,2
instancias/Falkenauer_U/falkenauer_u1000_03/,N,0,3
instancias/Falkenauer_U/falkenauer_u1000_03/,N,0,4
instancias/Falkenauer_U/falkenauer_u1000_03/,N,0,5
instancias/Falkenauer_U/falkenauer_u1000_03/,N,0,6
instancias/Falkenauer_U/falkenauer_u1000_03/,N,0,7
instancias/Falkenauer_U/falkenauer_u1000_03/,N,0,8
instancias/Falkenauer_U/falkenauer_u1000_03/,N,0,9
instancias/Falkenauer_U/falkenauer_u1000_03/,N,0,10
instancias/Falkenauer_U/falkenauer_u1000_03/,N,0,11
instancias/Falkenauer_U/falkenauer_u1000_03/,S,30,1
instancias/Falkenauer_U/falkenauer_u1000_03/,S,30,2
instancias/Falkenauer_U/falkenauer_u1000_03/,S,30,3
instancias/Falkenauer_U/falkenauer_u1000_03/,S,30,4
instancias/Falkenauer_U/falkenauer_u1000_03/,S,30,5
instancias/Falkenauer_U/falkenauer_u1000_03/,S,30,6
instancias/Falkenauer_U/falkenauer_u1000_03/,S,30,7
instancias/Falkenauer_U/falkenauer_u1000_03/,S,30,8
instancias/Falkenauer_U/falkenauer_u1000_03/,S,30,9
instancias/Falkenauer_U/falkenauer_u1000_03/,S,30,10
instancias/Falkenauer_U/falkenauer_u1000_03/,S,30,11
instancias/Falkenauer_U/falkenauer_u1000_04/,N,0,1
instancias/Falkenauer_U/falkenauer_u1000_04/,N,0,2
instancias/Falkenauer_U/falkenauer_u1000_04/,N,0,3
instancias/Falkenauer_U/falkenauer_u1000_04/,N,0,4
instancias/Falkenauer_U/falkenauer_u1000_04/,N,0,5
instancias/Falkenauer_U/falkenauer_u1000_04/,N,0,6
instancias/Falkenauer_U/falkenauer_u1000_04/,N,0,7
instancias/Falkenauer_U/falkenauer_u1000_04/,N,0,8
instancias/Falkenauer_U/falkenauer_u1000_04/,N,0,9
instancias/Falkenauer_U/falkenauer_u1000_04/,N,0,10
instancias/Falkenauer_U/falkenauer_u1000_04/,N,0,11
instancias/Falkenauer_U/falkenauer_u1000_04/,S,30,1
instancias/Falkenauer_U/falkenauer_u1000_04/,S,30,2
instancias/Falkenauer_U/falkenauer_u1000_04/,S,30,3
instancias/Falkenauer_U/falkenauer_u1000_04/,S,30,4
instancias/Falkenauer_U/falkenauer_u1000_04/,S,30,5
instancias/Falkenauer_U/falkenauer_u1000_04/,S,30,6
instancias/Falkenauer_U/falkenauer_u1000_04/,S,30,7
instancias/Falkenauer_U/falkenauer_u1000_04/,S,30,8
instancias/Falkenauer_U/falkenauer_u1000_04/,S,30,9
instancias/Falkenauer_U/falkenauer_u1000_04/,S,30,10
instancias/Falkenauer_U/falkenauer_u1000_04/,S,30,11
